"user_id","name","address","email","password","phone","gender","isteacher","profimg"
"10","stevetwo","steve2abc","stwo@test.com","steve2one","1234567898","Male","no","yordan-stoyanov-xngUPivgySY-unsplash.jpg"
"11","stevethree","stevethree213","sthree@test.com","12345678911","1234567896","Male","yes","mos-design-7Bm7Lhets9Q-unsplash.jpg"
"19","stevethreefour","stevethree2134","steve2@abctest.com","Steve34123","2147483647","Male","yes","mos-design-7Bm7Lhets9Q-unsplash.jpg"
"8","steve","aaoneone","sone@test.com","onetwothreefour","2147483647","Male","yes","luke-miller-rW8ok6JpJZk-unsplash.jpg"
"20","Clint Barton","2161 Titus Trace, Hamillland, NV 31593","clintbarton@gamil.com","Clint1234","2147483647","Male","yes","gantavya-bhatt-vj15n7OJOpQ-unsplash.jpg"
"14","buckytwo","stevethree213bucky2","buckytwosteve2abc@test.com","buckytwo123","2147483647","Male","yes","luke-miller-rW8ok6JpJZk-unsplash.jpg"
"18","buckyeighteight","stevethree213bucky288","bucky88steve2abc@test.com","Bucky81238","2147483647","Male","yes","luke-miller-rW8ok6JpJZk-unsplash.jpg"
"13","bucky","buckystevethree213","bu123@test.com","bucky2one","2147483647","Male","yes","gantavya-bhatt-vj15n7OJOpQ-unsplash.jpg"
"7","brucetwo","abcdefghijklmnsfda1","atwo@test.com","112233445566","1234567896","Male","no","omar-ram-1eRw_E5rmB0-unsplash.jpg"
"16","sfdafdsf","sadfdsfdsa","asdfdsf@fdsfa","abcd123A","1234567896","Male","yes","omar-ram-1eRw_E5rmB0-unsplash.jpg"
"6","bruceone","abcdefghijklmn","aone@test.com","112233445566","1234567896","Male","yes","marek-piwnicki-wtyODAX4rg8-unsplash.jpg"
"12","admin","admin123","admin@test.com","Admin1234","1111111111","Male","yes","marek-piwnicki-wtyODAX4rg8-unsplash.jpg"
"3","tonytwo","abcdefghijklmn2","abcdtwo@test.com","1234567892","1234567893","Male","no","mos-design-7Bm7Lhets9Q-unsplash.jpg"
"4","tonythree","abcdefghijklmn3","abcdthree@test.com","1234567894","1234567894","Male","no","yordan-stoyanov-xngUPivgySY-unsplash.jpg"
"2","tonyone","abcdefghijklmn1one","abcdone@test.com","12345678911","1234567892","Male","no","gantavya-bhatt-vj15n7OJOpQ-unsplash.jpg"
"5","tonyfour","abcdefghijklmn4","abcdfour@test.com","1234567895","1234567895","Male","no","josh-hild-iqcbtYnWX3Y-unsplash.jpg"
"1","tony","abcdefghijklmn1234","abcd1@test.com","abcdef123","1234567891","Male","no","josh-hild-iqcbtYnWX3Y-unsplash.jpg"
